{
"lengthUnit": "mil",
"components": {
	"fields": ["COMPONENT_NO", "COMPONENT_NAME", "LAYER", "X_COORDINATE", "Y_COORDINATE", "ANGLE"],
	"rows": [
		[1, "C1", "T", 865, -805, 180],
		[2, "C2", "T", 865, -910, 180],
		[3, "C3", "T", 875, -670, 270],
		[4, "C4", "T", 815, -255, 90],
		[5, "C5", "T", 1150, -260, 90],
		[6, "C6", "T", 1360, -845, 0],
		[7, "C7", "T", 1360, -665, 0],
		[8, "C8", "T", 1360, -750, 0],
		[9, "C9", "T", 1345, -260, 90],
		[10, "D1", "T", 670, -495, 90],
		[11, "L1", "T", 1400, -480, 0],
		[12, "R1", "T", 925, -255, 90],
		[13, "R2", "T", 1020, -260, 90],
		[14, "R3", "T", 920, -490, 270],
		[15, "R4", "T", 1255, -260, 90],
		[16, "R5", "T", 810, -490, 90],
		[17, "U1", "T", 1100, -500, 90],
		[18, "PAD1", "T", 660, -225, 0],
		[19, "PAD1", "B", 660, -225, 0],
		[20, "PAD2", "T", 1500, -225, 0],
		[21, "PAD2", "B", 1500, -225, 0],
		[22, "PAD3", "T", 660, -900, 0],
		[23, "PAD3", "B", 660, -900, 0],
		[24, "PAD4", "T", 1501.37, -900, 0],
		[25, "PAD4", "B", 1501.37, -900, 0]
	]
},
"pins": {
	"fields": ["PIN_NO", "PIN_NAME", "PIN_X", "PIN_Y", "LAYER", "PIN_TYPE", "NET_NAME", "NET_TYPE", "PAD_SHAPE", "PAD_SIZEX", "PAD_SIZEY", "HOLE_SIZE", "PAD_ANGLE"],
	"rows": [
		[1, "C1_1", 904.37, -805, "T", "SMD", "GND", "GND", "R", 55.51, 53.15, 0, 180],
		[2, "C1_2", 825.63, -805, "T", "SMD", "+24V", "", "R", 55.51, 53.15, 0, 180],
		[3, "C2_1", 904.37, -910, "T", "SMD", "GND", "GND", "R", 55.51, 53.15, 0, 180],
		[4, "C2_2", 825.63, -910, "T", "SMD", "+24V", "", "R", 55.51, 53.15, 0, 180],
		[5, "C3_1", 875, -642.44, "T", "SMD", "GND", "GND", "R", 31.5, 35.43, 0, 270],
		[6, "C3_2", 875, -697.56, "T", "SMD", "+24V", "", "R", 31.5, 35.43, 0, 270],
		[7, "C4_1", 815, -282.56, "T", "SMD", "$1N980", "", "R", 31.5, 35.43, 0, 90],
		[8, "C4_2", 815, -227.44, "T", "SMD", "GND", "GND", "R", 31.5, 35.43, 0, 90],
		[9, "C5_1", 1150, -287.56, "T", "SMD", "$1N1274", "", "R", 31.5, 35.43, 0, 90],
		[10, "C5_2", 1150, -232.44, "T", "SMD", "$1N1314", "", "R", 31.5, 35.43, 0, 90],
		[11, "C6_1", 1320.63, -845, "T", "SMD", "GND", "GND", "R", 55.51, 53.15, 0, 0],
		[12, "C6_2", 1399.37, -845, "T", "SMD", "+5V", "", "R", 55.51, 53.15, 0, 0],
		[13, "C7_1", 1320.63, -665, "T", "SMD", "GND", "GND", "R", 55.51, 53.15, 0, 0],
		[14, "C7_2", 1399.37, -665, "T", "SMD", "+5V", "", "R", 55.51, 53.15, 0, 0],
		[15, "C8_1", 1320.63, -750, "T", "SMD", "GND", "GND", "R", 55.51, 53.15, 0, 0],
		[16, "C8_2", 1399.37, -750, "T", "SMD", "+5V", "", "R", 55.51, 53.15, 0, 0],
		[17, "C9_1", 1345, -287.56, "T", "SMD", "$1N1622", "", "R", 31.5, 35.43, 0, 90],
		[18, "C9_2", 1345, -232.44, "T", "SMD", "+5V", "", "R", 31.5, 35.43, 0, 90],
		[19, "D1_1", 670, -589.49, "T", "SMD", "+24V", "", "R", 82.68, 70.87, 0, 90],
		[20, "D1_2", 670, -400.51, "T", "SMD", "GND", "GND", "R", 82.68, 70.87, 0, 90],
		[21, "L1_1", 1319.29, -480, "T", "SMD", "$1N1314", "", "R", 74.8, 98.42, 0, 0],
		[22, "L1_2", 1480.71, -480, "T", "SMD", "+5V", "", "R", 74.8, 98.42, 0, 0],
		[23, "R1_1", 925, -294.37, "T", "SMD", "+24V", "", "R", 44.59, 54.21, 0, 90],
		[24, "R1_2", 925, -215.63, "T", "SMD", "$1N861", "", "R", 44.59, 54.21, 0, 90],
		[25, "R2_1", 1020, -289.66, "T", "SMD", "$1N1192", "", "R", 31.75, 34.02, 0, 90],
		[26, "R2_2", 1020, -230.34, "T", "SMD", "$1N1274", "", "R", 31.75, 34.02, 0, 90],
		[27, "R3_1", 920, -460.34, "T", "SMD", "$1N1404", "", "R", 31.75, 34.02, 0, 270],
		[28, "R3_2", 920, -519.66, "T", "SMD", "$1N1622", "", "R", 31.75, 34.02, 0, 270],
		[29, "R4_1", 1255, -289.66, "T", "SMD", "$1N1622", "", "R", 31.75, 34.02, 0, 90],
		[30, "R4_2", 1255, -230.34, "T", "SMD", "+5V", "", "R", 31.75, 34.02, 0, 90],
		[31, "R5_1", 810, -519.66, "T", "SMD", "GND", "GND", "R", 31.75, 34.02, 0, 90],
		[32, "R5_2", 810, -460.34, "T", "SMD", "$1N1622", "", "R", 31.75, 34.02, 0, 90],
		[33, "U1_1", 1149.61, -538.39, "T", "SMD", "GND", "GND", "R", 15.75, 35.43, 0, 90],
		[34, "U1_2", 1149.61, -512.8, "T", "SMD", "+24V", "", "R", 15.75, 35.43, 0, 90],
		[35, "U1_3", 1149.61, -487.2, "T", "SMD", "$1N1314", "", "R", 15.75, 35.43, 0, 90],
		[36, "U1_4", 1149.61, -461.61, "T", "SMD", "U1_4", "", "R", 15.75, 35.43, 0, 90],
		[37, "U1_5", 1050.39, -461.61, "T", "SMD", "$1N1192", "", "R", 15.75, 35.43, 0, 90],
		[38, "U1_6", 1050.39, -487.2, "T", "SMD", "$1N861", "", "R", 15.75, 35.43, 0, 90],
		[39, "U1_7", 1050.39, -512.8, "T", "SMD", "$1N980", "", "R", 15.75, 35.43, 0, 90],
		[40, "U1_8", 1050.39, -538.39, "T", "SMD", "$1N1404", "", "R", 15.75, 35.43, 0, 90],
		[41, "PAD1_4", 660, -225, "T", "DIP", "GND", "GND", "C", 60, 60, 36, 0],
		[42, "PAD1_4", 660, -225, "B", "DIP", "GND", "GND", "C", 60, 60, 36, 0],
		[43, "PAD2_3", 1500, -225, "T", "DIP", "GND", "GND", "C", 60, 60, 36, 0],
		[44, "PAD2_3", 1500, -225, "B", "DIP", "GND", "GND", "C", 60, 60, 36, 0],
		[45, "PAD3_1", 660, -900, "T", "DIP", "+24V", "", "C", 60, 60, 36, 0],
		[46, "PAD3_1", 660, -900, "B", "DIP", "+24V", "", "C", 60, 60, 36, 0],
		[47, "PAD4_2", 1501.37, -900, "T", "DIP", "+5V", "", "C", 60, 60, 36, 0],
		[48, "PAD4_2", 1501.37, -900, "B", "DIP", "+5V", "", "C", 60, 60, 36, 0]
	]
}
}