{
"lengthUnit": "mil",
"components": {
	"fields": ["COMPONENT_NO", "COMPONENT_NAME", "LAYER", "X_COORDINATE", "Y_COORDINATE", "ANGLE"],
	"rows": [
		[1, "C1", "T", 1155, -630, 180],
		[2, "C2", "T", 1155.71, -733.03, 180],
		[3, "C3", "T", 595, -165, 90],
		[4, "C4", "T", 680, -160, 90],
		[5, "C5", "T", 765, -165, 90],
		[6, "C6", "T", 855, -165, 90],
		[7, "C7", "T", 935, -165, 90],
		[8, "C8", "T", 1035, -165, 90],
		[9, "D1", "T", 585, -445, 90],
		[10, "L1", "T", 1545.41, -440.02, 0],
		[11, "R1", "T", 785, -610, 0],
		[12, "R2", "T", 1242.82, -440.02, 0],
		[13, "R3", "T", 985, -630, 0],
		[14, "R4", "T", 985, -720, 0],
		[15, "R5", "T", 1575, -715, 0],
		[16, "U4", "T", 790, -695, 180],
		[17, "U5", "T", 860, -410, 270]
	]
},
"pins": {
	"fields": ["PIN_NO", "PIN_NAME", "PIN_X", "PIN_Y", "LAYER", "PIN_TYPE", "NET_NAME", "NET_TYPE", "PAD_SHAPE", "PAD_SIZEX", "PAD_SIZEY", "HOLE_SIZE", "PAD_ANGLE"],
	"rows": [
		[1, "C1_1", 1194.37, -630, "T", "SMD", "GND", "GND", "R", 55.51, 53.15, 0, 180],
		[2, "C1_2", 1115.63, -630, "T", "SMD", "+5V", "", "R", 55.51, 53.15, 0, 180],
		[3, "C2_1", 1195.08, -733.03, "T", "SMD", "GND", "GND", "R", 55.51, 53.15, 0, 180],
		[4, "C2_2", 1116.34, -733.03, "T", "SMD", "+5V", "", "R", 55.51, 53.15, 0, 180],
		[5, "C3_1", 595, -192.56, "T", "SMD", "GND", "GND", "R", 31.5, 35.43, 0, 90],
		[6, "C3_2", 595, -137.44, "T", "SMD", "+24V", "", "R", 31.5, 35.43, 0, 90],
		[7, "C4_1", 680, -187.56, "T", "SMD", "GND", "GND", "R", 31.5, 35.43, 0, 90],
		[8, "C4_2", 680, -132.44, "T", "SMD", "+24V", "", "R", 31.5, 35.43, 0, 90],
		[9, "C5_1", 765, -192.56, "T", "SMD", "GND", "GND", "R", 31.5, 35.43, 0, 90],
		[10, "C5_2", 765, -137.44, "T", "SMD", "$1N733", "", "R", 31.5, 35.43, 0, 90],
		[11, "C6_1", 855, -192.56, "T", "SMD", "$1N706", "", "R", 31.5, 35.43, 0, 90],
		[12, "C6_2", 855, -137.44, "T", "SMD", "$1N707", "", "R", 31.5, 35.43, 0, 90],
		[13, "C7_1", 935, -192.56, "T", "SMD", "GND", "GND", "R", 31.5, 35.43, 0, 90],
		[14, "C7_2", 935, -137.44, "T", "SMD", "+5V", "", "R", 31.5, 35.43, 0, 90],
		[15, "C8_1", 1035, -192.56, "T", "SMD", "$1N725", "", "R", 31.5, 35.43, 0, 90],
		[16, "C8_2", 1035, -137.44, "T", "SMD", "+5V", "", "R", 31.5, 35.43, 0, 90],
		[17, "D1_1", 585, -530.4, "T", "SMD", "+24V", "", "R", 80.57, 63.78, 0, 90],
		[18, "D1_2", 585, -359.6, "T", "SMD", "GND", "GND", "R", 80.57, 63.78, 0, 90],
		[19, "L1_1", 1427.31, -440.02, "T", "SMD", "$1N707", "", "R", 94.49, 125.98, 0, 0],
		[20, "L1_2", 1663.53, -440.02, "T", "SMD", "+5V", "", "R", 94.49, 125.98, 0, 0],
		[21, "R1_1", 767.96, -610, "T", "SMD", "+24V", "", "R", 22.27, 21.26, 0, 0],
		[22, "R1_2", 802.04, -610, "T", "SMD", "$1N699", "", "R", 22.27, 21.26, 0, 0],
		[23, "R2_1", 1213.16, -440.02, "T", "SMD", "$1N705", "", "R", 31.75, 34.02, 0, 0],
		[24, "R2_2", 1272.48, -440.02, "T", "SMD", "$1N706", "", "R", 31.75, 34.02, 0, 0],
		[25, "R3_1", 955.34, -630, "T", "SMD", "$1N723", "", "R", 31.75, 34.02, 0, 0],
		[26, "R3_2", 1014.66, -630, "T", "SMD", "$1N725", "", "R", 31.75, 34.02, 0, 0],
		[27, "R4_1", 955.34, -720, "T", "SMD", "GND", "GND", "R", 31.75, 34.02, 0, 0],
		[28, "R4_2", 1014.66, -720, "T", "SMD", "$1N725", "", "R", 31.75, 34.02, 0, 0],
		[29, "R5_1", 1433.3, -712.52, "T", "DIP", "$1N725", "", "C", 47.2, 47.2, 31.5, 0],
		[30, "R5_1", 1433.3, -712.52, "B", "DIP", "$1N725", "", "C", 47.2, 47.2, 31.5, 0],
		[31, "R5_2", 1716.7, -712.52, "T", "DIP", "+5V", "", "C", 47.2, 47.2, 31.5, 0],
		[32, "R5_2", 1716.7, -712.52, "B", "DIP", "+5V", "", "C", 47.2, 47.2, 31.5, 0],
		[33, "U4_1", 852.7, -695, "T", "SMD", "GND", "GND", "R", 58.47, 68.03, 0, 180],
		[34, "U4_2", 727.3, -695, "T", "SMD", "+24V", "", "R", 58.47, 68.03, 0, 180],
		[35, "U5_1", 810.39, -371.62, "T", "SMD", "GND", "GND", "R", 15.75, 35.43, 0, 270],
		[36, "U5_2", 810.39, -397.21, "T", "SMD", "+24V", "", "R", 15.75, 35.43, 0, 270],
		[37, "U5_3", 810.39, -422.8, "T", "SMD", "$1N707", "", "R", 15.75, 35.43, 0, 270],
		[38, "U5_4", 810.39, -448.39, "T", "SMD", "GND", "GND", "R", 15.75, 35.43, 0, 270],
		[39, "U5_5", 909.61, -448.39, "T", "SMD", "$1N705", "", "R", 15.75, 35.43, 0, 270],
		[40, "U5_6", 909.61, -422.79, "T", "SMD", "$1N699", "", "R", 15.75, 35.43, 0, 270],
		[41, "U5_7", 909.61, -397.21, "T", "SMD", "$1N733", "", "R", 15.75, 35.43, 0, 270],
		[42, "U5_8", 909.61, -371.62, "T", "SMD", "$1N723", "", "R", 15.75, 35.43, 0, 270]
	]
}
}