{
"lengthUnit": "mil",
"components": {
	"fields": ["COMPONENT_NO", "COMPONENT_NAME", "LAYER", "X_COORDINATE", "Y_COORDINATE", "ANGLE"],
	"rows": [
		[1, "C1", "T", 548.92, 97.22, 180],
		[2, "C2", "T", 550, 230, 180],
		[3, "C3", "T", 575, 350, 180],
		[4, "C4", "T", 488.67, 760.57, 90],
		[5, "C5", "T", 715, 760, 270],
		[6, "C6", "T", 863.65, 232.36, 0],
		[7, "C7", "T", 865, 95, 0],
		[8, "C8", "T", 1015, 475, 270],
		[9, "C9", "T", 390.32, 766.89, 90],
		[10, "D1", "T", 165, 475, 90],
		[11, "L1", "T", 805, 500, 180],
		[12, "R1", "T", 567.62, 757.93, 270],
		[13, "R2", "T", 639.46, 759.64, 90],
		[14, "R3", "T", 385.3, 588.91, 90],
		[15, "R4", "T", 295, 765, 90],
		[16, "R5", "T", 295, 590, 90],
		[17, "R6", "T", 295, 460, 270],
		[18, "R7", "T", 385, 460, 90],
		[19, "U1", "T", 555, 500, 0],
		[20, "PAD1", "T", 105, 105, 0],
		[21, "PAD1", "B", 105, 105, 0],
		[22, "PAD2", "T", 105, 755, 0],
		[23, "PAD2", "B", 105, 755, 0],
		[24, "PAD3", "T", 105, 855, 0],
		[25, "PAD3", "B", 105, 855, 0],
		[26, "PAD4", "T", 1110, 855, 0],
		[27, "PAD4", "B", 1110, 855, 0],
		[28, "PAD5", "T", 1110, 755, 0],
		[29, "PAD5", "B", 1110, 755, 0],
		[30, "PAD6", "T", 1110, 205, 0],
		[31, "PAD6", "B", 1110, 205, 0],
		[32, "PAD7", "T", 1110, 105, 0],
		[33, "PAD7", "B", 1110, 105, 0],
		[34, "PAD8", "T", 105, 205, 0],
		[35, "PAD8", "B", 105, 205, 0]
	]
},
"pins": {
	"fields": ["PIN_NO", "PIN_NAME", "PIN_X", "PIN_Y", "LAYER", "PIN_TYPE", "NET_NAME", "NET_TYPE", "PAD_SHAPE", "PAD_SIZEX", "PAD_SIZEY", "HOLE_SIZE", "PAD_ANGLE"],
	"rows": [
		[1, "C1_1", 611.62, 97.22, "T", "SMD", "GND", "GND", "R", 58.47, 68.03, 0, 180],
		[2, "C1_2", 486.22, 97.22, "T", "SMD", "+24V", "", "R", 58.47, 68.03, 0, 180],
		[3, "C2_1", 612.7, 230, "T", "SMD", "GND", "GND", "R", 58.47, 68.03, 0, 180],
		[4, "C2_2", 487.3, 230, "T", "SMD", "+24V", "", "R", 58.47, 68.03, 0, 180],
		[5, "C3_1", 602.56, 350, "T", "SMD", "GND", "GND", "R", 31.5, 35.43, 0, 180],
		[6, "C3_2", 547.44, 350, "T", "SMD", "+24V", "", "R", 31.5, 35.43, 0, 180],
		[7, "C4_1", 488.67, 733.01, "T", "SMD", "$1N1039", "", "R", 31.5, 35.43, 0, 90],
		[8, "C4_2", 488.67, 788.13, "T", "SMD", "GND", "GND", "R", 31.5, 35.43, 0, 90],
		[9, "C5_1", 715, 787.56, "T", "SMD", "$1N1149", "", "R", 31.5, 35.43, 0, 270],
		[10, "C5_2", 715, 732.44, "T", "SMD", "$1N1154", "", "R", 31.5, 35.43, 0, 270],
		[11, "C6_1", 824.28, 232.36, "T", "SMD", "GND", "GND", "R", 55.51, 53.15, 0, 0],
		[12, "C6_2", 903.02, 232.36, "T", "SMD", "+5V", "", "R", 55.51, 53.15, 0, 0],
		[13, "C7_1", 825.63, 95, "T", "SMD", "GND", "GND", "R", 55.51, 53.15, 0, 0],
		[14, "C7_2", 904.37, 95, "T", "SMD", "+5V", "", "R", 55.51, 53.15, 0, 0],
		[15, "C8_1", 1015, 514.37, "T", "SMD", "GND", "GND", "R", 55.51, 53.15, 0, 270],
		[16, "C8_2", 1015, 435.63, "T", "SMD", "+5V", "", "R", 55.51, 53.15, 0, 270],
		[17, "C9_1", 390.32, 739.33, "T", "SMD", "$1N1175", "", "R", 31.5, 35.43, 0, 90],
		[18, "C9_2", 390.32, 794.45, "T", "SMD", "+5V", "", "R", 31.5, 35.43, 0, 90],
		[19, "D1_1", 165, 387.2, "T", "SMD", "+24V", "", "R", 77.17, 82.68, 0, 270],
		[20, "D1_2", 165, 562.8, "T", "SMD", "GND", "GND", "R", 77.17, 82.68, 0, 270],
		[21, "L1_1", 724.29, 500, "T", "SMD", "$1N1154", "", "R", 74.8, 98.42, 0, 180],
		[22, "L1_2", 885.71, 500, "T", "SMD", "+5V", "", "R", 74.8, 98.42, 0, 180],
		[23, "R1_1", 567.62, 787.59, "T", "SMD", "+24V", "", "R", 31.75, 34.02, 0, 270],
		[24, "R1_2", 567.62, 728.27, "T", "SMD", "$1N952", "", "R", 31.75, 34.02, 0, 270],
		[25, "R2_1", 639.46, 729.98, "T", "SMD", "$1N1145", "", "R", 31.75, 34.02, 0, 90],
		[26, "R2_2", 639.46, 789.3, "T", "SMD", "$1N1149", "", "R", 31.75, 34.02, 0, 90],
		[27, "R3_1", 385.3, 559.25, "T", "SMD", "$1N1170", "", "R", 31.75, 34.02, 0, 90],
		[28, "R3_2", 385.3, 618.57, "T", "SMD", "$1N1175", "", "R", 31.75, 34.02, 0, 90],
		[29, "R4_1", 295, 735.34, "T", "SMD", "$1N1175", "", "R", 31.75, 34.02, 0, 90],
		[30, "R4_2", 295, 794.66, "T", "SMD", "+5V", "", "R", 31.75, 34.02, 0, 90],
		[31, "R5_1", 295, 560.34, "T", "SMD", "GND", "GND", "R", 31.75, 34.02, 0, 90],
		[32, "R5_2", 295, 619.66, "T", "SMD", "$1N1175", "", "R", 31.75, 34.02, 0, 90],
		[33, "R6_1", 295, 489.66, "T", "SMD", "GND", "GND", "R", 31.75, 34.02, 0, 270],
		[34, "R6_2", 295, 430.34, "T", "SMD", "$1N1063", "", "R", 31.75, 34.02, 0, 270],
		[35, "R7_1", 385, 430.34, "T", "SMD", "$1N1063", "", "R", 31.75, 34.02, 0, 90],
		[36, "R7_2", 385, 489.66, "T", "SMD", "$1N1039", "", "R", 31.75, 34.02, 0, 90],
		[37, "U1_1", 516.61, 450.4, "T", "SMD", "$1N1063", "", "R", 15.75, 35.43, 0, 0],
		[38, "U1_2", 542.2, 450.4, "T", "SMD", "+24V", "", "R", 15.75, 35.43, 0, 0],
		[39, "U1_3", 567.8, 450.4, "T", "SMD", "$1N1154", "", "R", 15.75, 35.43, 0, 0],
		[40, "U1_4", 593.39, 450.4, "T", "SMD", "GND", "GND", "R", 15.75, 35.43, 0, 0],
		[41, "U1_5", 593.39, 549.61, "T", "SMD", "$1N1145", "", "R", 15.75, 35.43, 0, 0],
		[42, "U1_6", 567.8, 549.61, "T", "SMD", "$1N952", "", "R", 15.75, 35.43, 0, 0],
		[43, "U1_7", 542.2, 549.61, "T", "SMD", "$1N1039", "", "R", 15.75, 35.43, 0, 0],
		[44, "U1_8", 516.61, 549.61, "T", "SMD", "$1N1170", "", "R", 15.75, 35.43, 0, 0],
		[45, "PAD1_1", 105, 105, "T", "DIP", "+24V", "", "C", 60, 60, 39.37, 0],
		[46, "PAD1_1", 105, 105, "B", "DIP", "+24V", "", "C", 60, 60, 39.37, 0],
		[47, "PAD2_3", 105, 755, "T", "DIP", "GND", "GND", "C", 60, 60, 39.37, 0],
		[48, "PAD2_3", 105, 755, "B", "DIP", "GND", "GND", "C", 60, 60, 39.37, 0],
		[49, "PAD3_4", 105, 855, "T", "DIP", "GND", "GND", "C", 60, 60, 39.37, 0],
		[50, "PAD3_4", 105, 855, "B", "DIP", "GND", "GND", "C", 60, 60, 39.37, 0],
		[51, "PAD4_5", 1110, 855, "T", "DIP", "GND", "GND", "C", 60, 60, 39.37, 0],
		[52, "PAD4_5", 1110, 855, "B", "DIP", "GND", "GND", "C", 60, 60, 39.37, 0],
		[53, "PAD5_6", 1110, 755, "T", "DIP", "GND", "GND", "C", 60, 60, 39.37, 0],
		[54, "PAD5_6", 1110, 755, "B", "DIP", "GND", "GND", "C", 60, 60, 39.37, 0],
		[55, "PAD6_7", 1110, 205, "T", "DIP", "+5V", "", "C", 60, 60, 39.37, 0],
		[56, "PAD6_7", 1110, 205, "B", "DIP", "+5V", "", "C", 60, 60, 39.37, 0],
		[57, "PAD7_8", 1110, 105, "T", "DIP", "+5V", "", "C", 60, 60, 39.37, 0],
		[58, "PAD7_8", 1110, 105, "B", "DIP", "+5V", "", "C", 60, 60, 39.37, 0],
		[59, "PAD8_2", 105, 205, "T", "DIP", "+24V", "", "C", 60, 60, 39.37, 0],
		[60, "PAD8_2", 105, 205, "B", "DIP", "+24V", "", "C", 60, 60, 39.37, 0]
	]
}
}