{
"lengthUnit": "mil",
"components": {
	"fields": ["COMPONENT_NO", "COMPONENT_NAME", "LAYER", "X_COORDINATE", "Y_COORDINATE", "ANGLE"],
	"rows": [
		[1, "C1", "T", 1115, -1165, 180],
		[2, "C2", "T", 1115, -1345, 180],
		[3, "C3", "T", 1115, -1255, 180],
		[4, "C4", "T", 1095, -860, 270],
		[5, "C5", "T", 1310, -860, 270],
		[6, "C6", "T", 1605, -1100, 270],
		[7, "C7", "T", 1405, -1340, 0],
		[8, "C8", "T", 1405, -1255, 0],
		[9, "C9", "T", 945, -860, 90],
		[10, "D1", "T", 805, -1080, 90],
		[11, "L1", "T", 1390, -1065, 0],
		[12, "R1", "T", 1170, -860, 270],
		[13, "R2", "T", 1240, -860, 90],
		[14, "R3", "T", 995, -995, 90],
		[15, "R4", "T", 1020, -860, 90],
		[16, "R5", "T", 920, -1000, 90],
		[17, "R6", "T", 920, -1140, 270],
		[18, "R7", "T", 995, -1140, 270],
		[19, "U1", "T", 1125, -1035, 0],
		[20, "PAD1", "T", 1605.11, -1242.08, 0],
		[21, "PAD1", "B", 1605.11, -1242.08, 0],
		[22, "PAD2", "T", 1605.11, -1340.41, 0],
		[23, "PAD2", "B", 1605.11, -1340.41, 0],
		[24, "PAD3", "T", 1605, -895, 0],
		[25, "PAD3", "B", 1605, -895, 0],
		[26, "PAD4", "T", 1605, -800, 0],
		[27, "PAD4", "B", 1605, -800, 0],
		[28, "PAD5", "T", 710, -895, 0],
		[29, "PAD5", "B", 710, -895, 0],
		[30, "PAD6", "T", 710, -799.64, 0],
		[31, "PAD6", "B", 710, -799.64, 0],
		[32, "PAD7", "T", 710, -1240, 0],
		[33, "PAD7", "B", 710, -1240, 0],
		[34, "PAD8", "T", 710, -1342.19, 0],
		[35, "PAD8", "B", 710, -1342.19, 0]
	]
},
"pins": {
	"fields": ["PIN_NO", "PIN_NAME", "PIN_X", "PIN_Y", "LAYER", "PIN_TYPE", "NET_NAME", "NET_TYPE", "PAD_SHAPE", "PAD_SIZEX", "PAD_SIZEY", "HOLE_SIZE", "PAD_ANGLE"],
	"rows": [
		[1, "C1_1", 1142.56, -1165, "T", "SMD", "GND", "GND", "R", 31.5, 35.43, 0, 180],
		[2, "C1_2", 1087.44, -1165, "T", "SMD", "+12V", "", "R", 31.5, 35.43, 0, 180],
		[3, "C2_1", 1142.56, -1345, "T", "SMD", "GND", "GND", "R", 31.5, 35.43, 0, 180],
		[4, "C2_2", 1087.44, -1345, "T", "SMD", "+12V", "", "R", 31.5, 35.43, 0, 180],
		[5, "C3_1", 1142.56, -1255, "T", "SMD", "GND", "GND", "R", 31.5, 35.43, 0, 180],
		[6, "C3_2", 1087.44, -1255, "T", "SMD", "+12V", "", "R", 31.5, 35.43, 0, 180],
		[7, "C4_1", 1095, -832.44, "T", "SMD", "GND", "GND", "R", 31.5, 35.43, 0, 270],
		[8, "C4_2", 1095, -887.56, "T", "SMD", "$1N566", "", "R", 31.5, 35.43, 0, 270],
		[9, "C5_1", 1310, -832.44, "T", "SMD", "$1N1424", "", "R", 31.5, 35.43, 0, 270],
		[10, "C5_2", 1310, -887.56, "T", "SMD", "$1N1434", "", "R", 31.5, 35.43, 0, 270],
		[11, "C6_1", 1605, -1072.44, "T", "SMD", "GND", "GND", "R", 31.5, 35.43, 0, 270],
		[12, "C6_2", 1605, -1127.56, "T", "SMD", "+5V", "", "R", 31.5, 35.43, 0, 270],
		[13, "C7_1", 1377.44, -1340, "T", "SMD", "GND", "GND", "R", 31.5, 35.43, 0, 0],
		[14, "C7_2", 1432.56, -1340, "T", "SMD", "+5V", "", "R", 31.5, 35.43, 0, 0],
		[15, "C8_1", 1377.44, -1255, "T", "SMD", "GND", "GND", "R", 31.5, 35.43, 0, 0],
		[16, "C8_2", 1432.56, -1255, "T", "SMD", "+5V", "", "R", 31.5, 35.43, 0, 0],
		[17, "C9_1", 945, -887.56, "T", "SMD", "$1N1454", "", "R", 31.5, 35.43, 0, 90],
		[18, "C9_2", 945, -832.44, "T", "SMD", "+5V", "", "R", 31.5, 35.43, 0, 90],
		[19, "D1_1", 805, -1166.32, "T", "SMD", "+12V", "", "R", 70.87, 66.93, 0, 90],
		[20, "D1_2", 805, -993.68, "T", "SMD", "GND", "GND", "R", 70.87, 66.93, 0, 90],
		[21, "L1_1", 1289.61, -1065, "T", "SMD", "$1N1434", "", "R", 106.3, 86.61, 0, 0],
		[22, "L1_2", 1490.39, -1065, "T", "SMD", "+5V", "", "R", 106.3, 86.61, 0, 0],
		[23, "R1_1", 1170, -830.34, "T", "SMD", "+12V", "", "R", 31.75, 34.02, 0, 270],
		[24, "R1_2", 1170, -889.66, "T", "SMD", "$1N291", "", "R", 31.75, 34.02, 0, 270],
		[25, "R2_1", 1240, -889.66, "T", "SMD", "$1N1411", "", "R", 31.75, 34.02, 0, 90],
		[26, "R2_2", 1240, -830.34, "T", "SMD", "$1N1424", "", "R", 31.75, 34.02, 0, 90],
		[27, "R3_1", 995, -1024.66, "T", "SMD", "$1N1447", "", "R", 31.75, 34.02, 0, 90],
		[28, "R3_2", 995, -965.34, "T", "SMD", "$1N1454", "", "R", 31.75, 34.02, 0, 90],
		[29, "R4_1", 1020, -889.66, "T", "SMD", "$1N1454", "", "R", 31.75, 34.02, 0, 90],
		[30, "R4_2", 1020, -830.34, "T", "SMD", "+5V", "", "R", 31.75, 34.02, 0, 90],
		[31, "R5_1", 920, -1029.66, "T", "SMD", "GND", "GND", "R", 31.75, 34.02, 0, 90],
		[32, "R5_2", 920, -970.34, "T", "SMD", "$1N1454", "", "R", 31.75, 34.02, 0, 90],
		[33, "R6_1", 920, -1110.34, "T", "SMD", "GND", "GND", "R", 31.75, 34.02, 0, 270],
		[34, "R6_2", 920, -1169.66, "T", "SMD", "$1N838", "", "R", 31.75, 34.02, 0, 270],
		[35, "R7_1", 995, -1110.34, "T", "SMD", "$1N566", "", "R", 31.75, 34.02, 0, 270],
		[36, "R7_2", 995, -1169.66, "T", "SMD", "$1N838", "", "R", 31.75, 34.02, 0, 270],
		[37, "U1_1", 1086.62, -1084.61, "T", "SMD", "$1N838", "", "R", 15.75, 35.43, 0, 0],
		[38, "U1_2", 1112.2, -1084.61, "T", "SMD", "+12V", "", "R", 15.75, 35.43, 0, 0],
		[39, "U1_3", 1137.8, -1084.61, "T", "SMD", "$1N1434", "", "R", 15.75, 35.43, 0, 0],
		[40, "U1_4", 1163.38, -1084.61, "T", "SMD", "GND", "GND", "R", 15.75, 35.43, 0, 0],
		[41, "U1_5", 1163.38, -985.39, "T", "SMD", "$1N1411", "", "R", 15.75, 35.43, 0, 0],
		[42, "U1_6", 1137.8, -985.39, "T", "SMD", "$1N291", "", "R", 15.75, 35.43, 0, 0],
		[43, "U1_7", 1112.2, -985.39, "T", "SMD", "$1N566", "", "R", 15.75, 35.43, 0, 0],
		[44, "U1_8", 1086.62, -985.39, "T", "SMD", "$1N1447", "", "R", 15.75, 35.43, 0, 0],
		[45, "PAD1_1", 1605.11, -1242.08, "T", "DIP", "+5V", "", "C", 60, 60, 36, 0],
		[46, "PAD1_1", 1605.11, -1242.08, "B", "DIP", "+5V", "", "C", 60, 60, 36, 0],
		[47, "PAD2_2", 1605.11, -1340.41, "T", "DIP", "+5V", "", "C", 60, 60, 36, 0],
		[48, "PAD2_2", 1605.11, -1340.41, "B", "DIP", "+5V", "", "C", 60, 60, 36, 0],
		[49, "PAD3_1", 1605, -895, "T", "DIP", "GND", "GND", "C", 60, 60, 36, 0],
		[50, "PAD3_1", 1605, -895, "B", "DIP", "GND", "GND", "C", 60, 60, 36, 0],
		[51, "PAD4_2", 1605, -800, "T", "DIP", "GND", "GND", "C", 60, 60, 36, 0],
		[52, "PAD4_2", 1605, -800, "B", "DIP", "GND", "GND", "C", 60, 60, 36, 0],
		[53, "PAD5_1", 710, -895, "T", "DIP", "GND", "GND", "C", 60, 60, 36, 0],
		[54, "PAD5_1", 710, -895, "B", "DIP", "GND", "GND", "C", 60, 60, 36, 0],
		[55, "PAD6_2", 710, -799.64, "T", "DIP", "GND", "GND", "C", 60, 60, 36, 0],
		[56, "PAD6_2", 710, -799.64, "B", "DIP", "GND", "GND", "C", 60, 60, 36, 0],
		[57, "PAD7_1", 710, -1240, "T", "DIP", "+12V", "", "C", 60, 60, 36, 0],
		[58, "PAD7_1", 710, -1240, "B", "DIP", "+12V", "", "C", 60, 60, 36, 0],
		[59, "PAD8_2", 710, -1342.19, "T", "DIP", "+12V", "", "C", 60, 60, 36, 0],
		[60, "PAD8_2", 710, -1342.19, "B", "DIP", "+12V", "", "C", 60, 60, 36, 0]
	]
}
}