{
"lengthUnit": "mil",
"components": {
	"fields": ["COMPONENT_NO", "COMPONENT_NAME", "LAYER", "X_COORDINATE", "Y_COORDINATE", "ANGLE"],
	"rows": [
		[1, "C1", "T", 685.78, -364.12, 90],
		[2, "C2", "T", 525.48, -189.12, 90],
		[3, "C3", "T", 555, -395, 90],
		[4, "C4", "T", 696.38, -194.17, 90],
		[5, "C5", "T", 545.4, -594.79, 270],
		[6, "C6", "T", 1177.66, -353.07, 180],
		[7, "C7", "T", 1193.74, -480, 180],
		[8, "C8", "T", 1200.73, -588.07, 180],
		[9, "C9", "T", 696.73, -555.54, 90],
		[10, "D1", "T", 360, -550, 90],
		[11, "L1", "T", 928.58, -613.49, 0],
		[12, "R1", "T", 880.75, -148.49, 0],
		[13, "R2", "T", 1035, -155, 0],
		[14, "R3", "T", 890, -340, 180],
		[15, "R4", "T", 890, -255, 0],
		[16, "R5", "T", 1040, -250, 0],
		[17, "U1", "T", 920, -475, 270],
		[18, "PAD1", "T", 245, -120, 0],
		[19, "PAD1", "B", 245, -120, 0],
		[20, "PAD2", "T", 1395, -130, 0],
		[21, "PAD2", "B", 1395, -130, 0],
		[22, "PAD3", "T", 1400, -755, 0],
		[23, "PAD3", "B", 1400, -755, 0],
		[24, "PAD4", "T", 260, -755, 0],
		[25, "PAD4", "B", 260, -755, 0]
	]
},
"pins": {
	"fields": ["PIN_NO", "PIN_NAME", "PIN_X", "PIN_Y", "LAYER", "PIN_TYPE", "NET_NAME", "NET_TYPE", "PAD_SHAPE", "PAD_SIZEX", "PAD_SIZEY", "HOLE_SIZE", "PAD_ANGLE"],
	"rows": [
		[1, "C1_1", 685.78, -403.49, "T", "SMD", "24V", "", "R", 55.51, 53.15, 0, 90],
		[2, "C1_2", 685.78, -324.75, "T", "SMD", "GND", "GND", "R", 55.51, 53.15, 0, 90],
		[3, "C2_1", 525.48, -228.49, "T", "SMD", "24V", "", "R", 55.51, 53.15, 0, 90],
		[4, "C2_2", 525.48, -149.75, "T", "SMD", "GND", "GND", "R", 55.51, 53.15, 0, 90],
		[5, "C3_1", 555, -434.37, "T", "SMD", "24V", "", "R", 55.51, 53.15, 0, 90],
		[6, "C3_2", 555, -355.63, "T", "SMD", "GND", "GND", "R", 55.51, 53.15, 0, 90],
		[7, "C4_1", 696.38, -233.54, "T", "SMD", "GND", "GND", "R", 55.51, 53.15, 0, 90],
		[8, "C4_2", 696.38, -154.8, "T", "SMD", "$1N732", "", "R", 55.51, 53.15, 0, 90],
		[9, "C5_1", 545.4, -555.42, "T", "SMD", "$1N811", "", "R", 55.51, 53.15, 0, 270],
		[10, "C5_2", 545.4, -634.16, "T", "SMD", "$1N927", "", "R", 55.51, 53.15, 0, 270],
		[11, "C6_1", 1217.03, -353.07, "T", "SMD", "GND", "GND", "R", 55.51, 53.15, 0, 180],
		[12, "C6_2", 1138.29, -353.07, "T", "SMD", "+5V", "", "R", 55.51, 53.15, 0, 180],
		[13, "C7_1", 1233.11, -480, "T", "SMD", "GND", "GND", "R", 55.51, 53.15, 0, 180],
		[14, "C7_2", 1154.37, -480, "T", "SMD", "+5V", "", "R", 55.51, 53.15, 0, 180],
		[15, "C8_1", 1240.11, -588.07, "T", "SMD", "GND", "GND", "R", 55.51, 53.15, 0, 180],
		[16, "C8_2", 1161.37, -588.07, "T", "SMD", "+5V", "", "R", 55.51, 53.15, 0, 180],
		[17, "C9_1", 696.73, -594.91, "T", "SMD", "$1N1041", "", "R", 55.51, 53.15, 0, 90],
		[18, "C9_2", 696.73, -516.17, "T", "SMD", "+5V", "", "R", 55.51, 53.15, 0, 90],
		[19, "D1_1", 360.37, -644.64, "T", "SMD", "24V", "", "R", 80.57, 63.78, 0, 90],
		[20, "D1_2", 359.63, -455.36, "T", "SMD", "GND", "GND", "R", 80.57, 63.78, 0, 270],
		[21, "L1_1", 901.02, -613.49, "T", "SMD", "$1N927", "", "R", 31.5, 34.02, 0, 180],
		[22, "L1_2", 956.13, -613.49, "T", "SMD", "+5V", "", "R", 31.5, 34.02, 0, 180],
		[23, "R1_1", 851.09, -148.49, "T", "SMD", "24V", "", "R", 31.75, 34.02, 0, 0],
		[24, "R1_2", 910.4, -148.49, "T", "SMD", "$1N714", "", "R", 31.75, 34.02, 0, 0],
		[25, "R2_1", 1005.34, -155, "T", "SMD", "$1N807", "", "R", 31.75, 34.02, 0, 0],
		[26, "R2_2", 1064.66, -155, "T", "SMD", "$1N811", "", "R", 31.75, 34.02, 0, 0],
		[27, "R3_1", 919.66, -340, "T", "SMD", "$1N863", "", "R", 31.75, 34.02, 0, 180],
		[28, "R3_2", 860.34, -340, "T", "SMD", "$1N1041", "", "R", 31.75, 34.02, 0, 180],
		[29, "R4_1", 860.34, -255, "T", "SMD", "$1N1041", "", "R", 31.75, 34.02, 0, 0],
		[30, "R4_2", 919.66, -255, "T", "SMD", "+5V", "", "R", 31.75, 34.02, 0, 0],
		[31, "R5_1", 1010.34, -250, "T", "SMD", "GND", "GND", "R", 31.75, 34.02, 0, 0],
		[32, "R5_2", 1069.66, -250, "T", "SMD", "$1N1041", "", "R", 31.75, 34.02, 0, 0],
		[33, "U1_1", 870.39, -436.61, "T", "SMD", "GND", "GND", "R", 15.75, 35.43, 0, 270],
		[34, "U1_2", 870.39, -462.21, "T", "SMD", "24V", "", "R", 15.75, 35.43, 0, 270],
		[35, "U1_3", 870.39, -487.79, "T", "SMD", "$1N927", "", "R", 15.75, 35.43, 0, 270],
		[36, "U1_4", 870.39, -513.38, "T", "SMD", "GND", "GND", "R", 15.75, 35.43, 0, 270],
		[37, "U1_5", 969.61, -513.38, "T", "SMD", "$1N807", "", "R", 15.75, 35.43, 0, 270],
		[38, "U1_6", 969.61, -487.79, "T", "SMD", "$1N714", "", "R", 15.75, 35.43, 0, 270],
		[39, "U1_7", 969.61, -462.21, "T", "SMD", "$1N732", "", "R", 15.75, 35.43, 0, 270],
		[40, "U1_8", 969.61, -436.62, "T", "SMD", "$1N863", "", "R", 15.75, 35.43, 0, 270],
		[41, "PAD1_1", 245, -120, "T", "DIP", "GND", "GND", "C", 60, 60, 36, 0],
		[42, "PAD1_1", 245, -120, "B", "DIP", "GND", "GND", "C", 60, 60, 36, 0],
		[43, "PAD2_2", 1395, -130, "T", "DIP", "+5V", "", "C", 60, 60, 36, 0],
		[44, "PAD2_2", 1395, -130, "B", "DIP", "+5V", "", "C", 60, 60, 36, 0],
		[45, "PAD3_3", 1400, -755, "T", "DIP", "GND", "GND", "C", 60, 60, 36, 0],
		[46, "PAD3_3", 1400, -755, "B", "DIP", "GND", "GND", "C", 60, 60, 36, 0],
		[47, "PAD4_4", 260, -755, "T", "DIP", "24V", "", "C", 60, 60, 36, 0],
		[48, "PAD4_4", 260, -755, "B", "DIP", "24V", "", "C", 60, 60, 36, 0]
	]
}
}