{
"lengthUnit": "mil",
"components": {
	"fields": ["COMPONENT_NO", "COMPONENT_NAME", "LAYER", "X_COORDINATE", "Y_COORDINATE", "ANGLE"],
	"rows": [
		[1, "C1", "T", 965, -205, 90],
		[2, "C2", "T", 1095, -200, 90],
		[3, "C3", "T", 1230, -200, 90],
		[4, "C4", "T", 1060, -385, 180],
		[5, "C5", "T", 1825, -400, 0],
		[6, "C6", "T", 2085, -505, 0],
		[7, "C7", "T", 2075, -170, 0],
		[8, "C8", "T", 2070, -360, 0],
		[9, "C9", "T", 2080, -640, 0],
		[10, "D1", "T", 745, -200, 0],
		[11, "L1", "T", 2445, -235, 0],
		[12, "R1", "T", 1305, -380, 0],
		[13, "R2", "T", 1605, -390, 0],
		[14, "R3", "T", 1755, -780, 0],
		[15, "R4", "T", 2090, -780, 0],
		[16, "R5", "T", 1515, -800, 0],
		[17, "U1", "T", 1455, -605, 0]
	]
},
"pins": {
	"fields": ["PIN_NO", "PIN_NAME", "PIN_X", "PIN_Y", "LAYER", "PIN_TYPE", "NET_NAME", "NET_TYPE", "PAD_SHAPE", "PAD_SIZEX", "PAD_SIZEY", "HOLE_SIZE", "PAD_ANGLE"],
	"rows": [
		[1, "C1_1", 965, -244.37, "T", "SMD", "GND", "GND", "R", 55.51, 53.15, 0, 90],
		[2, "C1_2", 965, -165.63, "T", "SMD", "+24V", "", "R", 55.51, 53.15, 0, 90],
		[3, "C2_1", 1095, -239.37, "T", "SMD", "GND", "GND", "R", 55.51, 53.15, 0, 90],
		[4, "C2_2", 1095, -160.63, "T", "SMD", "+24V", "", "R", 55.51, 53.15, 0, 90],
		[5, "C3_1", 1230, -227.56, "T", "SMD", "GND", "GND", "R", 31.5, 35.43, 0, 90],
		[6, "C3_2", 1230, -172.44, "T", "SMD", "+24V", "", "R", 31.5, 35.43, 0, 90],
		[7, "C4_1", 1087.56, -385, "T", "SMD", "$1N980", "", "R", 31.5, 35.43, 0, 180],
		[8, "C4_2", 1032.44, -385, "T", "SMD", "GND", "GND", "R", 31.5, 35.43, 0, 180],
		[9, "C5_1", 1797.44, -400, "T", "SMD", "$1N1274", "", "R", 31.5, 35.43, 0, 0],
		[10, "C5_2", 1852.56, -400, "T", "SMD", "$1N1314", "", "R", 31.5, 35.43, 0, 0],
		[11, "C6_1", 2045.63, -505, "T", "SMD", "GND", "GND", "R", 55.51, 53.15, 0, 0],
		[12, "C6_2", 2124.37, -505, "T", "SMD", "+5V", "", "R", 55.51, 53.15, 0, 0],
		[13, "C7_1", 2035.63, -170, "T", "SMD", "GND", "GND", "R", 55.51, 53.15, 0, 0],
		[14, "C7_2", 2114.37, -170, "T", "SMD", "+5V", "", "R", 55.51, 53.15, 0, 0],
		[15, "C8_1", 2030.63, -360, "T", "SMD", "GND", "GND", "R", 55.51, 53.15, 0, 0],
		[16, "C8_2", 2109.37, -360, "T", "SMD", "+5V", "", "R", 55.51, 53.15, 0, 0],
		[17, "C9_1", 2052.44, -640, "T", "SMD", "$1N1622", "", "R", 31.5, 35.43, 0, 0],
		[18, "C9_2", 2107.56, -640, "T", "SMD", "+5V", "", "R", 31.5, 35.43, 0, 0],
		[19, "D1_1", 650.51, -200, "T", "SMD", "+24V", "", "R", 82.68, 70.87, 0, 0],
		[20, "D1_2", 839.49, -200, "T", "SMD", "GND", "GND", "R", 82.68, 70.87, 0, 0],
		[21, "L1_1", 2364.29, -235, "T", "SMD", "$1N1314", "", "R", 74.8, 98.42, 0, 0],
		[22, "L1_2", 2525.71, -235, "T", "SMD", "+5V", "", "R", 74.8, 98.42, 0, 0],
		[23, "R1_1", 1265.63, -380, "T", "SMD", "+24V", "", "R", 44.59, 54.21, 0, 0],
		[24, "R1_2", 1344.37, -380, "T", "SMD", "$1N861", "", "R", 44.59, 54.21, 0, 0],
		[25, "R2_1", 1575.34, -390, "T", "SMD", "$1N1192", "", "R", 31.75, 34.02, 0, 0],
		[26, "R2_2", 1634.66, -390, "T", "SMD", "$1N1274", "", "R", 31.75, 34.02, 0, 0],
		[27, "R3_1", 1725.34, -780, "T", "SMD", "$1N1404", "", "R", 31.75, 34.02, 0, 0],
		[28, "R3_2", 1784.66, -780, "T", "SMD", "$1N1622", "", "R", 31.75, 34.02, 0, 0],
		[29, "R4_1", 2060.34, -780, "T", "SMD", "$1N1622", "", "R", 31.75, 34.02, 0, 0],
		[30, "R4_2", 2119.66, -780, "T", "SMD", "+5V", "", "R", 31.75, 34.02, 0, 0],
		[31, "R5_1", 1485.34, -800, "T", "SMD", "GND", "GND", "R", 31.75, 34.02, 0, 0],
		[32, "R5_2", 1544.66, -800, "T", "SMD", "$1N1622", "", "R", 31.75, 34.02, 0, 0],
		[33, "U1_1", 1416.61, -654.61, "T", "SMD", "GND", "GND", "R", 15.75, 35.43, 0, 0],
		[34, "U1_2", 1442.2, -654.61, "T", "SMD", "+24V", "", "R", 15.75, 35.43, 0, 0],
		[35, "U1_3", 1467.8, -654.61, "T", "SMD", "$1N1314", "", "R", 15.75, 35.43, 0, 0],
		[36, "U1_4", 1493.39, -654.61, "T", "SMD", "U1_4", "", "R", 15.75, 35.43, 0, 0],
		[37, "U1_5", 1493.39, -555.39, "T", "SMD", "$1N1192", "", "R", 15.75, 35.43, 0, 0],
		[38, "U1_6", 1467.8, -555.39, "T", "SMD", "$1N861", "", "R", 15.75, 35.43, 0, 0],
		[39, "U1_7", 1442.2, -555.39, "T", "SMD", "$1N980", "", "R", 15.75, 35.43, 0, 0],
		[40, "U1_8", 1416.61, -555.39, "T", "SMD", "$1N1404", "", "R", 15.75, 35.43, 0, 0]
	]
}
}