{
"lengthUnit": "mil",
"components": {
	"fields": ["COMPONENT_NO", "COMPONENT_NAME", "LAYER", "X_COORDINATE", "Y_COORDINATE", "ANGLE"],
	"rows": [
		[1, "C1", "T", 420, -885, 180],
		[2, "C2", "T", 1055, -550, 90],
		[3, "C3", "T", 365.59, -377.19, 0],
		[4, "C4", "T", 408.56, -1133.62, 180],
		[5, "C5", "T", 1125, -335, 90],
		[6, "C6", "T", 774.95, -327.55, 90],
		[7, "C8", "T", 1424.55, -869.1, 180],
		[8, "L1", "T", 1425, -605, 270],
		[9, "R1", "T", 756.98, -1133.08, 0],
		[10, "R2", "T", 46.92, -547.09, 90],
		[11, "R3", "T", 280, -640, 180],
		[12, "R4", "T", 705, -515, 180],
		[13, "R5", "T", 1094.1, -869.1, 180],
		[14, "R6", "T", 1424.55, -1133.09, 180],
		[15, "R7", "T", 1087.42, -1133.09, 0],
		[16, "U1", "T", 760, -805, 90],
		[17, "PAD1", "T", 155, -430, 0],
		[18, "PAD1", "B", 155, -430, 0],
		[19, "PAD2", "T", 155, -526.16, 0],
		[20, "PAD2", "B", 155, -526.16, 0],
		[21, "PAD3", "T", 790, -990, 0],
		[22, "PAD3", "B", 790, -990, 0],
		[23, "PAD4", "T", 470, -280, 0],
		[24, "PAD4", "B", 470, -280, 0],
		[25, "PAD5", "T", 155, -340, 0],
		[26, "PAD5", "B", 155, -340, 0],
		[27, "PAD6", "T", 565, -280, 0],
		[28, "PAD6", "B", 565, -280, 0],
		[29, "PAD7", "T", 555, -395, 0],
		[30, "PAD7", "B", 555, -395, 0]
	]
},
"pins": {
	"fields": ["PIN_NO", "PIN_NAME", "PIN_X", "PIN_Y", "LAYER", "PIN_TYPE", "NET_NAME", "NET_TYPE", "PAD_SHAPE", "PAD_SIZEX", "PAD_SIZEY", "HOLE_SIZE", "PAD_ANGLE"],
	"rows": [
		[1, "C1_1", 459.37, -885, "T", "SMD", "GND", "GND", "R", 44.59, 54.21, 0, 180],
		[2, "C1_2", 380.63, -885, "T", "SMD", "NET1", "", "R", 44.59, 54.21, 0, 180],
		[3, "C2_1", 1055, -589.37, "T", "SMD", "$1N1276", "", "R", 44.59, 54.21, 0, 90],
		[4, "C2_2", 1055, -510.63, "T", "SMD", "$1N1271", "", "R", 44.59, 54.21, 0, 90],
		[5, "C3_1", 326.22, -377.19, "T", "SMD", "GND", "GND", "R", 44.59, 54.21, 0, 0],
		[6, "C3_2", 404.96, -377.19, "T", "SMD", "NET2", "", "R", 44.59, 54.21, 0, 0],
		[7, "C4_1", 447.93, -1133.62, "T", "SMD", "GND", "GND", "R", 55.51, 53.15, 0, 180],
		[8, "C4_2", 369.19, -1133.62, "T", "SMD", "NET1", "", "R", 55.51, 53.15, 0, 180],
		[9, "C5_1", 1125, -374.37, "T", "SMD", "GND", "GND", "R", 55.51, 53.15, 0, 90],
		[10, "C5_2", 1125, -295.63, "T", "SMD", "NET3", "", "R", 55.51, 53.15, 0, 90],
		[11, "C6_1", 774.95, -366.92, "T", "SMD", "GND", "GND", "R", 55.51, 53.15, 0, 90],
		[12, "C6_2", 774.95, -288.18, "T", "SMD", "NET3", "", "R", 55.51, 53.15, 0, 90],
		[13, "C8_1", 1463.92, -869.1, "T", "SMD", "$1N1633", "", "R", 44.59, 54.21, 0, 180],
		[14, "C8_2", 1385.18, -869.1, "T", "SMD", "NET3", "", "R", 44.59, 54.21, 0, 180],
		[15, "L1_1", 1425, -504.61, "T", "SMD", "$1N1276", "", "R", 106.3, 86.61, 0, 270],
		[16, "L1_2", 1425, -705.39, "T", "SMD", "NET3", "", "R", 106.3, 86.61, 0, 270],
		[17, "R1_1", 717.61, -1133.08, "T", "SMD", "NET4", "", "R", 44.59, 54.21, 0, 0],
		[18, "R1_2", 796.35, -1133.08, "T", "SMD", "NET1", "", "R", 44.59, 54.21, 0, 0],
		[19, "R2_1", 46.92, -586.46, "T", "SMD", "NET5", "", "R", 44.59, 54.21, 0, 90],
		[20, "R2_2", 46.92, -507.72, "T", "SMD", "NET2", "", "R", 44.59, 54.21, 0, 90],
		[21, "R3_1", 319.37, -640, "T", "SMD", "GND", "GND", "R", 44.59, 54.21, 0, 180],
		[22, "R3_2", 240.63, -640, "T", "SMD", "NET5", "", "R", 44.59, 54.21, 0, 180],
		[23, "R4_1", 744.37, -515, "T", "SMD", "$1N1282", "", "R", 44.59, 54.21, 0, 180],
		[24, "R4_2", 665.63, -515, "T", "SMD", "$1N1271", "", "R", 44.59, 54.21, 0, 180],
		[25, "R5_1", 1133.47, -869.1, "T", "SMD", "$1N1488", "", "R", 44.59, 54.21, 0, 180],
		[26, "R5_2", 1054.73, -869.1, "T", "SMD", "$1N1633", "", "R", 44.59, 54.21, 0, 180],
		[27, "R6_1", 1463.92, -1133.09, "T", "SMD", "$1N1633", "", "R", 44.59, 54.21, 0, 180],
		[28, "R6_2", 1385.18, -1133.09, "T", "SMD", "NET3", "", "R", 44.59, 54.21, 0, 180],
		[29, "R7_1", 1048.05, -1133.09, "T", "SMD", "GND", "GND", "R", 44.59, 54.21, 0, 0],
		[30, "R7_2", 1126.79, -1133.09, "T", "SMD", "$1N1633", "", "R", 44.59, 54.21, 0, 0],
		[31, "U1_1", 809.61, -843.38, "T", "SMD", "NET5", "", "R", 15.75, 35.43, 0, 90],
		[32, "U1_2", 809.61, -817.79, "T", "SMD", "NET1", "", "R", 15.75, 35.43, 0, 90],
		[33, "U1_3", 809.61, -792.21, "T", "SMD", "$1N1276", "", "R", 15.75, 35.43, 0, 90],
		[34, "U1_4", 809.61, -766.62, "T", "SMD", "GND", "GND", "R", 15.75, 35.43, 0, 90],
		[35, "U1_5", 710.39, -766.62, "T", "SMD", "$1N1282", "", "R", 15.75, 35.43, 0, 90],
		[36, "U1_6", 710.39, -792.21, "T", "SMD", "NET4", "", "R", 15.75, 35.43, 0, 90],
		[37, "U1_7", 710.39, -817.79, "T", "SMD", "NET2", "", "R", 15.75, 35.43, 0, 90],
		[38, "U1_8", 710.39, -843.38, "T", "SMD", "$1N1488", "", "R", 15.75, 35.43, 0, 90],
		[39, "PAD1_1", 155, -430, "T", "DIP", "NET2", "", "C", 60, 60, 36, 0],
		[40, "PAD1_1", 155, -430, "B", "DIP", "NET2", "", "C", 60, 60, 36, 0],
		[41, "PAD2_2", 155, -526.16, "T", "DIP", "GND", "GND", "C", 60, 60, 36, 0],
		[42, "PAD2_2", 155, -526.16, "B", "DIP", "GND", "GND", "C", 60, 60, 36, 0],
		[43, "PAD3_3", 790, -990, "T", "DIP", "NET5", "", "C", 60, 60, 36, 0],
		[44, "PAD3_3", 790, -990, "B", "DIP", "NET5", "", "C", 60, 60, 36, 0],
		[45, "PAD4_4", 470, -280, "T", "DIP", "GND", "GND", "C", 60, 60, 36, 0],
		[46, "PAD4_4", 470, -280, "B", "DIP", "GND", "GND", "C", 60, 60, 36, 0],
		[47, "PAD5_1", 155, -340, "T", "DIP", "NET1", "", "C", 60, 60, 36, 0],
		[48, "PAD5_1", 155, -340, "B", "DIP", "NET1", "", "C", 60, 60, 36, 0],
		[49, "PAD6_1", 565, -280, "T", "DIP", "NET3", "", "C", 60, 60, 36, 0],
		[50, "PAD6_1", 565, -280, "B", "DIP", "NET3", "", "C", 60, 60, 36, 0],
		[51, "PAD7_1", 555, -395, "T", "DIP", "NET4", "", "C", 60, 60, 36, 0],
		[52, "PAD7_1", 555, -395, "B", "DIP", "NET4", "", "C", 60, 60, 36, 0]
	]
}
}