{
"lengthUnit": "mil",
"components": {
	"fields": ["COMPONENT_NO", "COMPONENT_NAME", "LAYER", "X_COORDINATE", "Y_COORDINATE", "ANGLE"],
	"rows": [
		[1, "C1", "T", 275, -141.26, 270],
		[2, "C2", "T", 414.22, -141.6, 270],
		[3, "C3", "T", 555, -155, 270],
		[4, "C4", "T", 130.12, -667.91, 90],
		[5, "C5", "T", 870.4, -146.06, 90],
		[6, "C6", "T", 520, -663.74, 270],
		[7, "C7", "T", 402.33, -667.44, 270],
		[8, "C8", "T", 666.36, -671.18, 270],
		[9, "C9", "T", 281.73, -655.54, 90],
		[10, "D1", "T", 130.65, -188.55, 270],
		[11, "L1", "T", 715, -135, 270],
		[12, "R1", "T", 290, -390, 90],
		[13, "R2", "T", 415, -385, 90],
		[14, "R3", "T", 530, -380, 90],
		[15, "R4", "T", 868.92, -320.47, 270],
		[16, "R5", "T", 875, -480, 270],
		[17, "U1", "T", 705, -430, 270],
		[18, "PAD1", "T", 945, -40, 0],
		[19, "PAD1", "B", 945, -40, 0],
		[20, "PAD2", "T", 935, -745, 0],
		[21, "PAD2", "B", 935, -745, 0],
		[22, "PAD3", "T", 52.22, -760, 0],
		[23, "PAD3", "B", 52.22, -760, 0],
		[24, "PAD4", "T", 50, -45, 0],
		[25, "PAD4", "B", 50, -45, 0]
	]
},
"pins": {
	"fields": ["PIN_NO", "PIN_NAME", "PIN_X", "PIN_Y", "LAYER", "PIN_TYPE", "NET_NAME", "NET_TYPE", "PAD_SHAPE", "PAD_SIZEX", "PAD_SIZEY", "HOLE_SIZE", "PAD_ANGLE"],
	"rows": [
		[1, "C1_1", 275, -101.89, "T", "SMD", "24V", "", "R", 55.51, 53.15, 0, 270],
		[2, "C1_2", 275, -180.63, "T", "SMD", "GND", "GND", "R", 55.51, 53.15, 0, 270],
		[3, "C2_1", 414.22, -102.23, "T", "SMD", "24V", "", "R", 55.51, 53.15, 0, 270],
		[4, "C2_2", 414.22, -180.97, "T", "SMD", "GND", "GND", "R", 55.51, 53.15, 0, 270],
		[5, "C3_1", 555, -115.63, "T", "SMD", "24V", "", "R", 55.51, 53.15, 0, 270],
		[6, "C3_2", 555, -194.37, "T", "SMD", "GND", "GND", "R", 55.51, 53.15, 0, 270],
		[7, "C4_1", 130.12, -707.28, "T", "SMD", "GND", "GND", "R", 55.51, 53.15, 0, 90],
		[8, "C4_2", 130.12, -628.54, "T", "SMD", "$1N732", "", "R", 55.51, 53.15, 0, 90],
		[9, "C5_1", 870.4, -185.43, "T", "SMD", "$1N811", "", "R", 55.51, 53.15, 0, 90],
		[10, "C5_2", 870.4, -106.69, "T", "SMD", "$1N927", "", "R", 55.51, 53.15, 0, 90],
		[11, "C6_1", 520, -624.37, "T", "SMD", "GND", "GND", "R", 55.51, 53.15, 0, 270],
		[12, "C6_2", 520, -703.11, "T", "SMD", "+5V", "", "R", 55.51, 53.15, 0, 270],
		[13, "C7_1", 402.33, -628.07, "T", "SMD", "GND", "GND", "R", 55.51, 53.15, 0, 270],
		[14, "C7_2", 402.33, -706.81, "T", "SMD", "+5V", "", "R", 55.51, 53.15, 0, 270],
		[15, "C8_1", 666.36, -631.81, "T", "SMD", "GND", "GND", "R", 55.51, 53.15, 0, 270],
		[16, "C8_2", 666.36, -710.55, "T", "SMD", "+5V", "", "R", 55.51, 53.15, 0, 270],
		[17, "C9_1", 281.73, -694.91, "T", "SMD", "$1N1041", "", "R", 55.51, 53.15, 0, 90],
		[18, "C9_2", 281.73, -616.17, "T", "SMD", "+5V", "", "R", 55.51, 53.15, 0, 90],
		[19, "D1_1", 130.28, -93.91, "T", "SMD", "24V", "", "R", 80.57, 63.78, 0, 270],
		[20, "D1_2", 131.02, -283.2, "T", "SMD", "GND", "GND", "R", 80.57, 63.78, 0, 90],
		[21, "L1_1", 715, -107.45, "T", "SMD", "$1N927", "", "R", 31.5, 34.02, 0, 90],
		[22, "L1_2", 715, -162.55, "T", "SMD", "+5V", "", "R", 31.5, 34.02, 0, 90],
		[23, "R1_1", 290, -419.66, "T", "SMD", "24V", "", "R", 31.75, 34.02, 0, 90],
		[24, "R1_2", 290, -360.34, "T", "SMD", "$1N714", "", "R", 31.75, 34.02, 0, 90],
		[25, "R2_1", 415, -414.66, "T", "SMD", "$1N807", "", "R", 31.75, 34.02, 0, 90],
		[26, "R2_2", 415, -355.34, "T", "SMD", "$1N811", "", "R", 31.75, 34.02, 0, 90],
		[27, "R3_1", 530, -409.66, "T", "SMD", "$1N863", "", "R", 31.75, 34.02, 0, 90],
		[28, "R3_2", 530, -350.34, "T", "SMD", "$1N1041", "", "R", 31.75, 34.02, 0, 90],
		[29, "R4_1", 868.92, -290.81, "T", "SMD", "$1N1041", "", "R", 31.75, 34.02, 0, 270],
		[30, "R4_2", 868.92, -350.13, "T", "SMD", "+5V", "", "R", 31.75, 34.02, 0, 270],
		[31, "R5_1", 875, -450.34, "T", "SMD", "GND", "GND", "R", 31.75, 34.02, 0, 270],
		[32, "R5_2", 875, -509.66, "T", "SMD", "$1N1041", "", "R", 31.75, 34.02, 0, 270],
		[33, "U1_1", 655.39, -391.61, "T", "SMD", "GND", "GND", "R", 15.75, 35.43, 0, 270],
		[34, "U1_2", 655.39, -417.21, "T", "SMD", "24V", "", "R", 15.75, 35.43, 0, 270],
		[35, "U1_3", 655.39, -442.79, "T", "SMD", "$1N927", "", "R", 15.75, 35.43, 0, 270],
		[36, "U1_4", 655.39, -468.38, "T", "SMD", "GND", "GND", "R", 15.75, 35.43, 0, 270],
		[37, "U1_5", 754.61, -468.38, "T", "SMD", "$1N807", "", "R", 15.75, 35.43, 0, 270],
		[38, "U1_6", 754.61, -442.79, "T", "SMD", "$1N714", "", "R", 15.75, 35.43, 0, 270],
		[39, "U1_7", 754.61, -417.2, "T", "SMD", "$1N732", "", "R", 15.75, 35.43, 0, 270],
		[40, "U1_8", 754.61, -391.61, "T", "SMD", "$1N863", "", "R", 15.75, 35.43, 0, 270],
		[41, "PAD1_1", 945, -40, "T", "DIP", "GND", "GND", "C", 60, 60, 36, 0],
		[42, "PAD1_1", 945, -40, "B", "DIP", "GND", "GND", "C", 60, 60, 36, 0],
		[43, "PAD2_2", 935, -745, "T", "DIP", "GND", "GND", "C", 60, 60, 36, 0],
		[44, "PAD2_2", 935, -745, "B", "DIP", "GND", "GND", "C", 60, 60, 36, 0],
		[45, "PAD3_3", 52.22, -760, "T", "DIP", "GND", "GND", "C", 60, 60, 36, 0],
		[46, "PAD3_3", 52.22, -760, "B", "DIP", "GND", "GND", "C", 60, 60, 36, 0],
		[47, "PAD4_4", 50, -45, "T", "DIP", "GND", "GND", "C", 60, 60, 36, 0],
		[48, "PAD4_4", 50, -45, "B", "DIP", "GND", "GND", "C", 60, 60, 36, 0]
	]
}
}