{
"lengthUnit": "mil",
"components": {
	"fields": ["COMPONENT_NO", "COMPONENT_NAME", "LAYER", "X_COORDINATE", "Y_COORDINATE", "ANGLE"],
	"rows": [
		[1, "C1", "T", 210.31, -107.78, 0],
		[2, "C2", "T", 308.28, -542.78, 0],
		[3, "C3", "T", 464.46, -542.78, 0],
		[4, "L1", "T", 248.28, -786.49, 0],
		[5, "R1", "T", 80.31, -219.48, 0],
		[6, "R2", "T", 628.44, -392.81, 0],
		[7, "R3", "T", 753.19, -327.81, 0],
		[8, "R4", "T", 902.93, -410.52, 0],
		[9, "R5", "T", 887.93, -625.43, 0],
		[10, "U1", "T", 308.28, -327.81, 0]
	]
},
"pins": {
	"fields": ["PIN_NO", "PIN_NAME", "PIN_X", "PIN_Y", "LAYER", "PIN_TYPE", "NET_NAME", "NET_TYPE", "PAD_SHAPE", "PAD_SIZEX", "PAD_SIZEY", "HOLE_SIZE", "PAD_ANGLE"],
	"rows": [
		[1, "C1_1", 170.94, -107.78, "T", "SMD", "24V", "", "R", 55.51, 53.15, 0, 0],
		[2, "C1_2", 249.68, -107.78, "T", "SMD", "GND", "GND", "R", 55.51, 53.15, 0, 0],
		[3, "C2_1", 280.72, -542.78, "T", "SMD", "$1N1307", "", "R", 31.5, 35.43, 0, 0],
		[4, "C2_2", 335.84, -542.78, "T", "SMD", "$1N1301", "", "R", 31.5, 35.43, 0, 0],
		[5, "C3_1", 417.22, -542.78, "T", "SMD", "GND", "GND", "R", 59.05, 53.5, 0, 0],
		[6, "C3_2", 511.7, -542.78, "T", "SMD", "5V", "", "R", 59.05, 53.5, 0, 0],
		[7, "L1_1", 167.57, -786.49, "T", "SMD", "$1N1307", "", "R", 74.8, 98.42, 0, 0],
		[8, "L1_2", 328.99, -786.49, "T", "SMD", "5V", "", "R", 74.8, 98.42, 0, 0],
		[9, "R1_1", 63.27, -219.48, "T", "SMD", "24V", "", "R", 22.27, 21.26, 0, 0],
		[10, "R1_2", 97.35, -219.48, "T", "SMD", "$1N1330", "", "R", 22.27, 21.26, 0, 0],
		[11, "R2_1", 598.78, -392.81, "T", "SMD", "GND", "GND", "R", 31.75, 34.02, 0, 0],
		[12, "R2_2", 658.1, -392.81, "T", "SMD", "$1N1160", "", "R", 31.75, 34.02, 0, 0],
		[13, "R3_1", 723.53, -327.81, "T", "SMD", "$1N1160", "", "R", 31.75, 34.02, 0, 0],
		[14, "R3_2", 782.85, -327.81, "T", "SMD", "$1N1169", "", "R", 31.75, 34.02, 0, 0],
		[15, "R4_1", 873.27, -410.52, "T", "SMD", "$1N1250", "", "R", 31.75, 34.02, 0, 0],
		[16, "R4_2", 932.59, -410.52, "T", "SMD", "$1N1169", "", "R", 31.75, 34.02, 0, 0],
		[17, "R5_1", 858.27, -625.43, "T", "SMD", "5V", "", "R", 31.75, 34.02, 0, 0],
		[18, "R5_2", 917.59, -625.43, "T", "SMD", "$1N1250", "", "R", 31.75, 34.02, 0, 0],
		[19, "U1_1", 361.43, -365.22, "T", "SMD", "$1N1301", "", "R", 43.31, 23.62, 0, 0],
		[20, "U1_2", 361.43, -327.81, "T", "SMD", "GND", "GND", "R", 43.31, 23.62, 0, 0],
		[21, "U1_3", 361.43, -290.42, "T", "SMD", "$1N1169", "", "R", 43.31, 23.62, 0, 0],
		[22, "U1_4", 255.13, -290.42, "T", "SMD", "$1N1330", "", "R", 43.31, 23.62, 0, 0],
		[23, "U1_5", 255.13, -327.81, "T", "SMD", "24V", "", "R", 43.31, 23.62, 0, 0],
		[24, "U1_6", 255.13, -365.22, "T", "SMD", "$1N1307", "", "R", 43.31, 23.62, 0, 0]
	]
}
}