{
"lengthUnit": "mil",
"components": {
	"fields": ["COMPONENT_NO", "COMPONENT_NAME", "LAYER", "X_COORDINATE", "Y_COORDINATE", "ANGLE"],
	"rows": [
		[1, "C1", "T", 335.07, -744.63, 0],
		[2, "C2", "T", 566.22, -744.63, 0],
		[3, "C3", "T", 117.53, -764.63, 0],
		[4, "C4", "T", 1701.09, -908.14, 0],
		[5, "C5", "T", 705.96, -467.28, 0],
		[6, "C6", "T", 2075.58, -307.72, 0],
		[7, "C7", "T", 2215.33, -307.72, 0],
		[8, "C8", "T", 1935.84, -553.08, 0],
		[9, "C9", "T", 845.71, -307.72, 0],
		[10, "L1", "T", 1427.79, -226.22, 0],
		[11, "R1", "T", 516.22, -385.42, 0],
		[12, "R2", "T", 107.53, -1082, 0],
		[13, "R3", "T", 237.53, -1129.71, 0],
		[14, "R4", "T", 1291.5, -826.28, 0],
		[15, "R5", "T", 1563.54, -553.08, 0],
		[16, "R6", "T", 1885.84, -630.79, 0],
		[17, "R7", "T", 1751.09, -826.28, 0],
		[18, "R8", "T", 1156.76, -307.72, 0],
		[19, "U1", "T", 980, -960, 0]
	]
},
"pins": {
	"fields": ["PIN_NO", "PIN_NAME", "PIN_X", "PIN_Y", "LAYER", "PIN_TYPE", "NET_NAME", "NET_TYPE", "PAD_SHAPE", "PAD_SIZEX", "PAD_SIZEY", "HOLE_SIZE", "PAD_ANGLE"],
	"rows": [
		[1, "C1_1", 275.33, -744.63, "T", "SMD", "GND", "GND", "R", 64.37, 106.3, 0, 0],
		[2, "C1_2", 394.81, -744.63, "T", "SMD", "$1N1114", "", "R", 64.37, 106.3, 0, 0],
		[3, "C2_1", 538.66, -744.63, "T", "SMD", "$1N1114", "", "R", 31.5, 35.43, 0, 0],
		[4, "C2_2", 593.78, -744.63, "T", "SMD", "GND", "GND", "R", 31.5, 35.43, 0, 0],
		[5, "C3_1", 57.79, -764.63, "T", "SMD", "GND", "GND", "R", 64.37, 106.3, 0, 0],
		[6, "C3_2", 177.27, -764.63, "T", "SMD", "$1N1114", "", "R", 64.37, 106.3, 0, 0],
		[7, "C4_1", 1673.53, -908.14, "T", "SMD", "$1N1458", "", "R", 31.5, 35.43, 0, 0],
		[8, "C4_2", 1728.65, -908.14, "T", "SMD", "GND", "GND", "R", 31.5, 35.43, 0, 0],
		[9, "C5_1", 678.4, -467.28, "T", "SMD", "GND", "GND", "R", 31.5, 35.43, 0, 0],
		[10, "C5_2", 733.52, -467.28, "T", "SMD", "$1N1658", "", "R", 31.5, 35.43, 0, 0],
		[11, "C6_1", 2048.02, -307.72, "T", "SMD", "$1N2510", "", "R", 31.5, 35.43, 0, 0],
		[12, "C6_2", 2103.14, -307.72, "T", "SMD", "$1N2235", "", "R", 31.5, 35.43, 0, 0],
		[13, "C7_1", 2187.77, -307.72, "T", "SMD", "$1N2510", "", "R", 31.5, 35.43, 0, 0],
		[14, "C7_2", 2242.89, -307.72, "T", "SMD", "GND", "GND", "R", 31.5, 35.43, 0, 0],
		[15, "C8_1", 1908.28, -553.08, "T", "SMD", "$1N2510", "", "R", 31.5, 35.43, 0, 0],
		[16, "C8_2", 1963.4, -553.08, "T", "SMD", "$1N2484", "", "R", 31.5, 35.43, 0, 0],
		[17, "C9_1", 818.15, -307.72, "T", "SMD", "$1N2003", "", "R", 31.5, 35.43, 0, 0],
		[18, "C9_2", 873.27, -307.72, "T", "SMD", "$1N2723", "", "R", 31.5, 35.43, 0, 0],
		[19, "L1_1", 1400.23, -226.22, "T", "SMD", "$1N2003", "", "R", 31.5, 34.02, 0, 180],
		[20, "L1_2", 1455.34, -226.22, "T", "SMD", "$1N2510", "", "R", 31.5, 34.02, 0, 180],
		[21, "R1_1", 486.56, -385.42, "T", "SMD", "$1N1658", "", "R", 31.75, 34.02, 0, 0],
		[22, "R1_2", 545.88, -385.42, "T", "SMD", "GND", "GND", "R", 31.75, 34.02, 0, 0],
		[23, "R2_1", 77.87, -1082, "T", "SMD", "$1N1826", "", "R", 31.75, 34.02, 0, 0],
		[24, "R2_2", 137.19, -1082, "T", "SMD", "$1N1114", "", "R", 31.75, 34.02, 0, 0],
		[25, "R3_1", 207.87, -1129.71, "T", "SMD", "$1N1826", "", "R", 31.75, 34.02, 0, 0],
		[26, "R3_2", 267.19, -1129.71, "T", "SMD", "GND", "GND", "R", 31.75, 34.02, 0, 0],
		[27, "R4_1", 1261.84, -826.28, "T", "SMD", "$1N2327", "", "R", 31.75, 34.02, 0, 0],
		[28, "R4_2", 1321.16, -826.28, "T", "SMD", "$1N2453", "", "R", 31.75, 34.02, 0, 0],
		[29, "R5_1", 1533.88, -553.08, "T", "SMD", "$1N2453", "", "R", 31.75, 34.02, 0, 0],
		[30, "R5_2", 1593.2, -553.08, "T", "SMD", "$1N2510", "", "R", 31.75, 34.02, 0, 0],
		[31, "R6_1", 1856.18, -630.79, "T", "SMD", "$1N2453", "", "R", 31.75, 34.02, 0, 0],
		[32, "R6_2", 1915.5, -630.79, "T", "SMD", "$1N2484", "", "R", 31.75, 34.02, 0, 0],
		[33, "R7_1", 1721.43, -826.28, "T", "SMD", "$1N2453", "", "R", 31.75, 34.02, 0, 0],
		[34, "R7_2", 1780.75, -826.28, "T", "SMD", "GND", "GND", "R", 31.75, 34.02, 0, 0],
		[35, "R8_1", 1127.1, -307.72, "T", "SMD", "$1N2723", "", "R", 31.75, 34.02, 0, 0],
		[36, "R8_2", 1186.42, -307.72, "T", "SMD", "$1N2713", "", "R", 31.75, 34.02, 0, 0],
		[37, "U1_1", 1027.68, -998.39, "T", "SMD", "$1N1658", "", "O", 48.11, 14.33, 0, 0],
		[38, "U1_2", 1027.68, -972.8, "T", "SMD", "$1N1114", "", "O", 48.11, 14.33, 0, 0],
		[39, "U1_3", 1027.68, -947.21, "T", "SMD", "$1N2003", "", "O", 48.11, 14.33, 0, 0],
		[40, "U1_4", 1027.68, -921.61, "T", "SMD", "GND", "GND", "O", 48.11, 14.33, 0, 0],
		[41, "U1_5", 932.32, -921.61, "T", "SMD", "$1N2713", "", "O", 48.11, 14.33, 0, 0],
		[42, "U1_6", 932.32, -947.21, "T", "SMD", "$1N1826", "", "O", 48.11, 14.33, 0, 0],
		[43, "U1_7", 932.32, -972.8, "T", "SMD", "$1N1458", "", "O", 48.11, 14.33, 0, 0],
		[44, "U1_8", 932.32, -998.39, "T", "SMD", "$1N2327", "", "O", 48.11, 14.33, 0, 0]
	]
}
}